Title,Links_antes_REFERENCES,Links_depois_REFERENCES,DOI,Artifact Available,Artifact Reusable,Artifact Functional
Software Engineering Research in a World with Generative Artificial Intelligence,,,https://dl.acm.org/doi/10.1145/3597503.3649399,False,False,False
Trustworthy by Design,,,https://dl.acm.org/doi/10.1145/3597503.3649400,False,False,False
Domain Knowledge Matters: Improving Prompts with Fix Templates for Repairing Python Type Errors,https://github.com/JohnnyPeng18/TypeFix.,https://github.com/features/copilot.;https://github.com/python/mypy/.,https://dl.acm.org/doi/10.1145/3597503.3608132,False,False,False
Practical Program Repair via Preference-based Ensemble Strategy,https://github.com/kwz219/P-EPR-Artefact,,https://dl.acm.org/doi/10.1145/3597503.3623310,False,False,False
BinAug: Enhancing Binary Similarity Analysis with Low-Cost Input Repairing,,https://github.com/wwkenwong/BinAug/.,https://dl.acm.org/doi/10.1145/3597503.3623328,False,False,False
VeRe: Verification Guided Synthesis for Repairing Deep Neural Networks,,https://github.com/fastai/;https://github.com/nninjn/VeRe;https://github.com/eth-sri/eran;https://github.com/Ace0001/RUNNER.,https://dl.acm.org/doi/10.1145/3597503.3623332,True,True,False
ITER: Iterative Neural Repair for Multi-Location Patches,https://github.com/GZoltar/gzoltar/releases/tag/v1.7.2.,,https://dl.acm.org/doi/10.1145/3597503.3623337,False,False,False
EGFE: End-to-end Grouping of Fragmented Elements in UI Designs with Multimodal Learning,https://github.com/test2975/EGFE,,https://dl.acm.org/doi/10.1145/3597503.3623313,False,False,False
A Comprehensive Study of Learning-based Android Malware Detectors under Challenging Environments,,https://github.com/Maruko912/AMDs.,https://dl.acm.org/doi/10.1145/3597503.3623320,False,False,False
Toward Automatically Completing GitHub Workflows,,https://github.com/marketplace?type=actions.;https://github.com/antonio-mastropaolo/GH-,https://dl.acm.org/doi/10.1145/3597503.3623351,False,False,False
UniLog: Automatic Logging via LLM and In-Context Learning,https://github.com/google/google-java-format/,,https://dl.acm.org/doi/10.1145/3597503.3623326,False,False,False
Predicting Performance and Accuracy of Mixed-Precision Programs for Precision Tuning,https://github.com/ucd-plse/FPLearner.,,https://dl.acm.org/doi/10.1145/3597503.3623338,True,True,False
Dataflow Analysis-Inspired Deep Learning for Efficient Vulnerability Detection,https://github.com/davidhin/linevd;https://github.com/dbgbench/dbgbench.github.io/blob/master/patches/find.,,https://dl.acm.org/doi/10.1145/3597503.3623345,True,True,False
Large Language Models for Test-Free Fault Localization,https://figshare.com/s/35f36bff735d3c805a89;https://github.com/qemu/qemu;https://figshare.com/s/35f36bff735d3c805a89.,,https://dl.acm.org/doi/10.1145/3597503.3623342,False,False,False
CrashTranslator: Automatically Reproducing Mobile Application Crashes Directly from Stack Trace,https://github.com/wuchiuwong/CrashTranslator,https://github.com/saswatanand/ella.;https://github.com.;https://github.com/tjusenchen/StoryDistiller.,https://dl.acm.org/doi/10.1145/3597503.3623298,False,False,False
Reorder Pointer Flow in Sound Concurrency Bug Prediction,,https://github.com/parasol-aser/UFO.;https://github.com/wcventure/PERIOD.,https://dl.acm.org/doi/10.1145/3597503.3623300,False,False,False
Object Graph Programming,,https://github.com/EngineeringSoftware/ogo.;https://github.com/Wolfgang-Schuetzelhofer/jcypher.,https://dl.acm.org/doi/10.1145/3597503.3623319,False,False,False
Semantic Analysis of Macro Usage for Portability,https://github.com/appleseedlab/macro-analyzer,"https://github.com/appleseedlab/superc/tree/master/;https://zenodo.org/record/8326488,;https://github.com/elliotchance/c2go,;https://github.com/correctcomputation/;https://github.com/correctcomputation/;https://github.com/correctcomputation/;https://github.com/correctcomputation/;https://github.com/immunant/c2rust/issues/16,;https://github.com/immunant/c2rust,;https://github.com/itu-square/c-;https://github.com/lua/lua,;https://github.com/Microsoft/checkedc/,;https://github.com/rust-lang/rust,;https://github.com/torvalds/linux/;https://github.com/torvalds/linux/blob/master/Documentation/",https://dl.acm.org/doi/10.1145/3597503.3623323,True,True,False
NuzzleBug: Debugging Block-Based Programs in Scratch,https://figshare.com/s/68281791e01be5179699;https://figshare.com/s/68281791e01be5179699;https://github.com/se2p/nuzzlebug,https://github.com/IntelligentDDS/LogShrink,https://dl.acm.org/doi/10.1145/3597503.3623331,False,False,False
LogShrink: Effective Log Compression by Leveraging Commonality and Variability of Log Data,,https://zenodo.org/record/3227177.;https://github.com/logpai/logzip.;https://github.com/THUBear-wjy/LogReducer.;https://github.com/niklas-,https://dl.acm.org/doi/10.1145/3597503.3608129,False,False,False
Demystifying Compiler Unstable Feature Usage and Impacts in the Rust Ecosystem,,https://github.com/rust-lang/rust/issues/88583.;https://github.com/Rust-for-Linux/linux/;https://github.com/koute/;https://github.com/Rust-for-;https://github.com/;https://github.com/rustwasm.,https://dl.acm.org/doi/10.1145/3597503.3623352,True,True,False
Resource Usage and Optimization Opportunities in Workflows of GitHub Actions,https://github.com/search,,https://dl.acm.org/doi/10.1145/3597503.3623303,True,True,False
Revealing Hidden Threats: An Empirical Study of Library Misuse in Smart Contracts,,https://github.com/Uniswap/v2-;https://github.com/fei-protocol/fei-protocol-;https://github.com/fei-;https://github.com/fei-protocol/fei-protocol-core/pull/;https://github.com/OpenZeppelin/;https://github.com/OpenZeppelin/openzeppelin-contracts/blob/;https://github.com/OpenZeppelin/;https://github.com/tintinweb/smart-;https://github.com/,https://dl.acm.org/doi/10.1145/3597503.3623335,False,False,False
Fine-SE: Integrating Semantic Features and Expert Features for Software Effort Estimation,https://github.com/yueli-se/Fine-SE;https://github.com/yueli-se/Fine-SE,https://github.com/,https://dl.acm.org/doi/10.1145/3597503.3623349,False,False,False
Enabling Runtime Verification of Causal Discovery Algorithms with Automated Conditional Independence Reasoning,,https://github.com/py-why/causal-learn.,https://dl.acm.org/doi/10.1145/3597503.3623348,False,False,False
Modularizing while Training: A New Paradigm for Modularizing DNN Models,https://github.com/qibinhang/MwT.,https://github.com/facebookresearch/fvcore.;https://github.com/qibinhang/MwT.;https://github.com/LeaperOvO/KnowLog.,https://dl.acm.org/doi/10.1145/3597503.3608135,True,True,False
KnowLog: Knowledge Enhanced Pre-trained Language Model for Log Understanding,,https://github.com/NougatCA/FAIR.,https://dl.acm.org/doi/10.1145/3597503.3623304,False,False,False
FAIR: Flow Type-Aware Pre-Training of Compiler Intermediate Representations,https://github.com/Jur1cek/gcj-dataset;https://github.com/danieldk/approx-rand-test,,https://dl.acm.org/doi/10.1145/3597503.3608136,False,False,False
Exploring the Potential of ChatGPT in Automated Code Refinement: An Empirical Study,,https://github.com/f/,https://dl.acm.org/doi/10.1145/3597503.3623306,False,False,False
Deep Learning or Classical Machine Learning? An Empirical Study on Log-Based Anomaly Detection,,https://github.com/logpai/deep-loglizer;https://github.com/logpai/loglizer;https://github.com/,https://dl.acm.org/doi/10.1145/3597503.3623308,False,False,False
TRACED: Execution-aware Pre-training for Source Code,https://github.com/ARiSE-Lab/TRACED_ICSE_24.git.,,https://dl.acm.org/doi/10.1145/3597503.3608140,False,False,False
CoderEval: A Benchmark of Pragmatic Code Generation with Generative Pre-trained Models,,https://github.com/openai/human-eval/;https://github.com/CoderEval/CoderEval.,https://dl.acm.org/doi/10.1145/3597503.3623316,True,True,False
Inferring Data Preconditions from Deep Learning Models for Trustworthy Prediction in Deployment,,https://github.com/shibbirtanvin/DeepInfer.;https://github.com/ParagonLight/dissector.;https://github.com/gmy2013/LLM_Comment_Generation.,https://dl.acm.org/doi/10.1145/3597503.3623333,True,True,False
Title,,https://github.com/gsantner/markor/issues/1020/.;https://github.com/SageSELab/UI-Bug-Localization-;https://github.com/microsoft/CodeBERT/tree/master/;https://github.com/MGYN/DeMistify.;https://github.com/CirQ/ObfDetector.;https://github.com/Sable/soot.;https://github.com/marketplace?category=&query=&type=actions&verification=;https://github.com/;https://github.com/marketplace?type=actions;https://github.com/fronchetti/ICSE-2024;https://github.com/fronchetti/icse-2024/;https://github.com/CycloneDX/specification;https://github.com/package-url/purl-spec.;https://github.com/spdx/spdx-examples/;https://github.com/;https://github.com/;https://github.com/;https://github.com/,,,,
EDEFuzz: A Web API Fuzzer for Excessive Data Exposures,https://github.com/Broken-Assumptions/,https://github.com/bitnine-oss/agensgraph/issues/595;https://github.com/RedisGraph/RedisGraph/issues/2865;https://github.com/YuanchengJiang/GraphGenie,https://dl.acm.org/doi/10.1145/3597503.3608133,True,False,False
Detecting Logic Bugs in Graph Database Management Systems via Injective and Surjective Graph Query Transformation,https://github.com/neo4j-graph-examples/recommendations;https://github.com/opencypher/cypher-for-gremlin;https://github.com/neo4j-graph-examples/cybersecurity;https://github.com/neo4j-graph-examples/recommendations;https://github.com/RedisGraph/RedisGraph/issues/2744;https://github.com/RedisGraph/RedisGraph/issues/2865;https://github.com/neo4j/neo4j/issues/12968;https://github.com/neo4j/neo4j/issues/12991;https://github.com/bitnine-oss/agensgraph/issues/609;https://github.com/bitnine-oss/agensgraph/issues/595;https://github.com/neo4j/neo4j/issues/12887;https://github.com/neo4j/neo4j/issues/12884;https://github.com/neo4j/neo4j/issues/12973;https://github.com/neo4j/neo4j/issues/13034,https://github.com/anse1/;https://github.com/RedisGraph/RedisGraph.,https://dl.acm.org/doi/10.1145/3597503.3623307,True,False,False
Do Automatic Test Generation Tools Generate Flaky Tests?,https://github.com/cloverzrg/cosmos-sdk-java;https://github.com/sernst/kuber;https://github.com/krka/mockachino/tree/9bcdda05,,https://dl.acm.org/doi/10.1145/3597503.3608138,False,False,False
ECFuzz: Effective Configuration Fuzzing for Large-Scale Systems,https://github.com/ecfuzz/ECFuzz;https://github.com/xlab-uiuc/cdep-fse-ae/blob/master/cDep_result/intra.csv,,https://dl.acm.org/doi/10.1145/3597503.3623315,True,True,False
Improving Testing Behavior by Gamifying IntelliJ,,,https://dl.acm.org/doi/10.1145/3597503.3623339,False,False,False
SCTrans: Constructing a Large Public Scenario Dataset for Simulation Testing of Autonomous Driving Systems,https://github.com/lgsvl/simulator/tree/release-2021.1/Assets/Scripts/ScenarioEditor/Data,"https://github.com/autowarefoundation/autoware,;https://github.com/autowarefoundation/autoware_;https://github.com/carla-simulator/scenario_runner,;https://github.com/esmini/esmini,;https://github.com/ApolloAuto/apollo,;https://github.com/asam-oss/OSC-ALKS-scenarios,;https://github.com/jordansissel/xdotool,",https://dl.acm.org/doi/10.1145/3597503.3623350,True,True,False
Co-Creation in Fully Remote Software Teams,,,https://dl.acm.org/doi/10.1145/3597503.3623297,True,True,False
A Large-Scale Survey on the Usability of AI Programming Assistants: Successes and Challenges,,https://github.com/codota/TabNine/.;https://github.com/github/copilot-docs/.;https://github.com/github/copilot.vim/.,https://dl.acm.org/doi/10.1145/3597503.3608128,False,False,False
How to Support ML End-User Programmers through a Conversational Agent,,,https://dl.acm.org/doi/10.1145/3597503.3608130,True,True,False
Unveiling the Life Cycle of User Feedback: Best Practices from Software Practitioners,,https://github.com/woc-hack/tutorial,https://dl.acm.org/doi/10.1145/3597503.3623309,False,False,False
"Characterizing Software Maintenance Meetings: Information Shared, Discussion Outcomes, and Information Captured",,,https://dl.acm.org/doi/10.1145/3597503.3623330,False,False,False
Predicting open source contributor turnover from value-related discussions: An analysis of GitHub issues,https://github.com/jackjamieson2/Jamieson_et_al-ICSE2024-Replication_Package/,,https://dl.acm.org/doi/10.1145/3597503.3623340,False,False,False
On the Helpfulness of Answering Developer Questions on Discord with Similar Conversations and Posts from the Past,,https://github.com/openai/gpt-2,https://dl.acm.org/doi/10.1145/3597503.3623341,True,True,False
Marco: A Stochastic Asynchronous Concolic Explorer,https://zenodo.org/record/8339481.;https://github.com/unifuzz/,https://github.com/StefanosChaliasos/sc-defi-security/.;https://github.com/;https://github.com/ConsenSys/;https://github.com/protofire/solhint,https://dl.acm.org/doi/10.1145/3597503.3623301,False,False,False
DocFlow: Extracting Taint Specifications from Software Documentation,,,https://dl.acm.org/doi/10.1145/3597503.3623312,False,False,False
Toward Improved Deep Learning-based Vulnerability Detection,,https://github.com/qemu/qemu/commit/;https://github.com/torvalds/linux/commit/;https://github.com/torvalds/linux/commit/;https://github.com/CityuSeclab/ClipboardScope_open.,https://dl.acm.org/doi/10.1145/3597503.3608141,True,True,False
Attention! Your Copied Data is Under Monitoring: A Systematic Study of Clipboard Usage in Android Apps,,https://github.com/PonziDetection/PonziGuard,https://dl.acm.org/doi/10.1145/3597503.3623317,False,False,False
PonziGuard: Detecting Ponzi Schemes on Ethereum with Contract Runtime Behavior Graph (CRBG),https://github.com/PonziDetection/PonziGuard/tree/main/dataset/Result/verified,https://github.com/;https://github.com/;https://github.com/NobleMathews/FuzzSliceICSE;https://github.com/openssl/openssl;https://github.com/andrew-d/rough-auditing-;https://github.com/openssl/openssl/blob/master/test/testutil/driver.c;https://github.com/rizsotto/Bear;https://github.com/openssh/openssh-portable;https://github.com/tmux/tmux;https://github.com/GentleCP/LibvDiff-public,https://dl.acm.org/doi/10.1145/3597503.3623318,False,False,False
LibvDiff: Library Version Difference Guided OSS Version Identification in Binaries,https://github.com/GentleCP/LibvDiff-public/blob/master/imgs/RQ1_data_detail.png;https://github.com/GentleCP/LibvDiff-public/blob/master/imgs/RQ3_data_detail.png,https://github.com/awslabs/;https://github.com/ReFirmLabs/binwalk.;https://github.com/ishepard/;https://github.com/openssl/openssl.;https://github.com/.,https://dl.acm.org/doi/10.1145/3597503.3623336,True,True,False
Prompting Is All You Need: Automated Android Bug Replay with Large Language Models,,https://github.com/appetizerio/replaykit.;https://github.com/sidongfeng/AdbGPT.;https://github.com/openatx/;https://github.com/dear-github/dear-github.,https://dl.acm.org/doi/10.1145/3597503.3608137,False,False,False
Towards Reliable AI: Adequacy Metrics for Ensuring the Quality of System-level Testing of Autonomous Vehicles,,,https://dl.acm.org/doi/10.1145/3597503.3623314,False,False,False
Learning-based Widget Matching for Migrating GUI Test Cases,,https://github.com/seal-hub/CraftDroid;https://github.com/YakZhang/;https://github.com/;https://github.com/nedbat/coveragepy.;https://github.com/ise-uiuc/FuzzGPT.;https://github.com/pytorch/pytorch/issues/85155.,https://dl.acm.org/doi/10.1145/3597503.3623322,False,False,False
Deeply Reinforcing Android GUI Testing with Deep Reinforcement Learning,https://github.com/Yuanhong-Lan/DQT;https://github.com/signalapp/Signal-Android/issues/12651;https://github.com/signalapp/Signal-Android/issues/12666;https://github.com/signalapp/Signal-Android/issues/12667;https://github.com/tachiyomiorg/tachiyomi/issues/8509;https://github.com/duckduckgo/Android/pull/2499;https://github.com/mozilla-mobile/fenix/issues/28389;https://github.com/mozilla-mobile/fenix/issues/28390;https://github.com/ankidroid/Anki-Android/issues/12936;https://github.com/TeamNewPipe/NewPipe/issues/9518;https://github.com/TeamNewPipe/NewPipe/issues/9529;https://github.com/eleybourn/Book-Catalogue/issues/877;https://github.com/eleybourn/Book-Catalogue/issues/883;https://github.com/vanilla-music/vanilla/issues/1147;https://github.com/iSoron/uhabits/issues/1589;https://github.com/yuriykulikov/AlarmClock/issues/500;https://github.com/yuriykulikov/AlarmClock/issues/501;https://github.com/SecUSo/privacy-friendly-notes/issues/132;https://github.com/SecUSo/privacy-friendly-notes/issues/133;https://github.com/SecUSo/privacy-friendly-notes/issues/138;https://github.com/ppareit/swiftp/issues/174,https://github.com/xiaocong/uiautomator,https://dl.acm.org/doi/10.1145/3597503.3623344,False,False,False
Unveiling Memorization in Code Models,https://github.com/Workiva/frugal;https://github.com/Yelp/detect-secrets;https://github.com/yangzhou6666/Privacy-in-Code-,https://github.com/features/;https://github.com/tree-sitter/tree-sitter.;https://github.com/features/;https://github.com/iCSawyer/CodeSuggestion,https://dl.acm.org/doi/10.1145/3597503.3639074,False,False,False
On Extracting Specialized Code Abilities from Large Language Models: A Feasibility Study,,https://github.com/features/copilot.;https://github.com/qiyuangong/leetcode.;https://github.com/nomic-ai/gpt4all.;https://github.com/tatsu-lab/stanford_;https://github.com/v587su/SEC.,https://dl.acm.org/doi/10.1145/3597503.3639091,False,False,False
GrammarT5: Grammar-Integrated Pretrained Encoder-Decoder Neural Model for Code,https://github.com/GrammarT5/GrammarT5.,https://github.com/huggingface/accelerate,https://dl.acm.org/doi/10.1145/3597503.3639125,False,False,False
On Calibration of Pre-trained Code Models,https://github.com/,,https://dl.acm.org/doi/10.1145/3597503.3639126,False,False,False
Traces of Memorisation in Large Language Models for Code,https://github.com/google-;https://github.com/AISE-TUDelft/LLM4Code-extraction;https://github.com/google-;https://github.com/google-,https://github.com/features/copilot;https://github.com/AISE-TUDelft/Code4MeEvaluation;https://github.com/JetBrains/intellij-;https://github.com/shuzhenggao/,https://dl.acm.org/doi/10.1145/3597503.3639133,False,False,False
Evaluating Large Language Models in Class-Level Code Generation,,https://github.com/FudanSELab/ClassEval,https://dl.acm.org/doi/10.1145/3597503.3639219,False,False,False
Lost in Translation: A Study of Bugs Introduced by Large Language Models while Translating Code,,https://github.com/Intelligent-CAT-Lab/;https://github.com/gotranspile/cxgo.;https://github.com/immunant/c2rust.;https://github.com/THUDM/CodeGeeX/blob/main/tests/test_-;https://github.com/paulirwin/JavaToCSharp.;https://github.com/mono/,https://dl.acm.org/doi/10.1145/3597503.3639226,True,True,False
Out of Context: How important is Local Context in Neural Program Repair?,https://github.com/giganticode/out_of_context_,,https://dl.acm.org/doi/10.1145/3597503.3639086,False,False,False
"Automated Program Repair, What Is It Good For? Not Absolutely Nothing!",,,https://dl.acm.org/doi/10.1145/3597503.3639095,True,True,False
Rust-lancet: Automated Ownership-Rule-Violation Fixing with Behavior Preservation,,https://github.com/rust-lang/reference/issues/788;https://github.com/rust-lang/rustfmt;https://github.com/rust-lang/rust/tree/master/tests;https://github.com/FairuzNawer/ExploringExperiencesWithAPR_ICSE24,https://dl.acm.org/doi/10.1145/3597503.3639103,False,False,False
PyTy: Repairing Static Type Errors in Python,https://github.com/pythonarcade/arcade/commit/c6aL883;https://github.com/awslabs/aws-lambda-powertools-python/3898e55;https://github.com/vkbottle/vkbottle/commit/2bc36b6;https://github.com/TheAlgorithms/Python/commit/97b6ca2;https://github.com/TheAlgorithms/Python/commit/6089536;https://github.com/RasaHQ/rasa/commit/1ded5ef;https://github.com/jazzband/django-redis/commit/5f6f383;https://github.com/kinnala/scikit-fem/commit/a555ca3;https://www.github.com/DragonMinded/bemaniutils/commit/438a3da;https://github.com/libtcod/python-tcod/commit/60066f3;https://github.com/networktocode/pyntc/commit/ebb35344e0121;https://www.github.com/lykoss/lykos/commit/abbd35c;https://github.com/sola-st/PyTy;https://zenodo.org/records/10441045.,,https://dl.acm.org/doi/10.1145/3597503.3639184,True,True,False
"Out of Sight, Out of Mind: Better Automatic Vulnerability Repair by Broadening Input Ranges and Sources",https://github.com/soarsmu/,https://github.com/TinkerBoard2-Android/;https://github.com/soarsmu/;https://github.com/awsm-research/,https://dl.acm.org/doi/10.1145/3597503.3639222,False,False,False
Strengthening Supply Chain Security with Fine-grained Safe Patch Identification,,https://github.com/o-gs/dji-;https://github.com/redis/redis/blob/unstable/deps/README.;https://github.com/Vallxy/COSER.,https://dl.acm.org/doi/10.1145/3597503.3639104,False,False,False
Comprehensive Semantic Repair of Obsolete GUI Test Scripts for Mobile Applications,,https://github.com/RobotiumTech/,https://dl.acm.org/doi/10.1145/3597503.3639108,False,False,False
Constraint Based Program Repair for Persistent Memory Bugs,,https://github.com/pmem/pmem-redis,https://dl.acm.org/doi/10.1145/3597503.3639204,True,False,True
Xpert: Empowering Incident Management with Query Recommendations via Large Language Models,,,https://dl.acm.org/doi/10.1145/3597503.3639081,False,False,False
Tensor-Aware Energy Accounting,"https://github.com/;https://github.com/Cldfire/nvml-wrapper;https://github.com/project-;https://github.com/google-research/bert,;https://github.com/google-research/albert,",,https://dl.acm.org/doi/10.1145/3597503.3639156,False,False,False
Programming Assistant for Exception Handling with CodeBERT,,https://github.com/jessevig/bertviz.;https://github.com/microsoft/CodeXGLUE.;https://github.com/anonymous-000000/neurex.;https://github.com/cdpierse/transformers-interpret.;https://github.com/jacobwwh/noise_SE.,https://dl.acm.org/doi/10.1145/3597503.3639188,False,False,False
An Empirical Study on Noisy Label Learning for Program Understanding,,,https://dl.acm.org/doi/10.1145/3597503.3639217,False,False,False
An Empirical Study on Low GPU Utilization of Deep Learning Jobs,,https://github.com/microsoft/nni.;https://github.com/Azure/azureml-examples/tree/main/best-practices/;https://github.com/capnproto/capnproto.,https://dl.acm.org/doi/10.1145/3597503.3639232,False,False,False
Using an LLM to Help With Code Understanding,,https://github.com/features/codespaces;https://github.com/features/copilot;https://github.com/features/preview/copilot-x,https://dl.acm.org/doi/10.1145/3597503.3639187,True,True,False
Enhancing Exploratory Testing by Large Language Model and Knowledge Graph,,https://github.com/zeyang919/LLMParser,https://dl.acm.org/doi/10.1145/3597503.3639157,False,False,False
LLMParser: An Exploratory Study on Using Large Language Models for Log Parsing,,https://github.com/tatsu-lab/stanford_;https://github.com/yuanzhoulvpi2017/zero_nlp/tree/main/,https://dl.acm.org/doi/10.1145/3597503.3639150,False,False,False
Make LLM a Testing Expert: Bringing Human-like Interaction to Mobile GUI Testing via Functionality-aware Decisions,https://github.com/franklinbill/GPTDroid.,https://github.com/HoLyVieR/prototype-pollution-ns;https://github.com/sukyoung/safe,https://dl.acm.org/doi/10.1145/3597503.3639180,False,False,False
ACAV: A Framework for Automatic Causality Analysis in Autonomous Vehicle Accident Recordings,,https://github.com/ApolloAuto/apollo/releases/tag/v7.0.0.;https://github.com/autowarefoundation/,https://dl.acm.org/doi/10.1145/3597503.3639175,False,False,False
Efficiently Trimming the Fat: Streamlining Software Dependencies with Java Reflection and Dependency Analysis,,https://github.com/apache/linkis/pull/1716.;https://github.com/apache/tez/pull/127.;https://github.com/apache/tomee/pull/852.;https://github.com/plast-lab/doop-mirror.;https://github.com/advisories.;https://github.com/feuyeux/jax-rs2-guide-II/pull/;https://github.com/spring-projects/spring-amqp-;https://github.com/Hurence/logisland.;https://github.com/mapstruct/mapstruct-examples/pull/;https://github.com/apache/maven-;https://github.com/jbosstm/quickstart/pull/388.;https://github.com/secure-software-engineering/SparseIDE;https://zenodo.org/records/10498325;https://github.com/CodeShield-Security/SPDS.;https://github.com/soot-oss/heros.,https://dl.acm.org/doi/10.1145/3597503.3639123,False,False,False
LibAlchemy: A Two-Layer Persistent Summary Design for Taming Third-Party Libraries in Static Bug-Finding Systems,,"https://github.com/xiph/opusfile/;https://github.com/wala/WALA,;https://github.com/ash1852/fusion-scan.github;https://github.com/transmission/transmissio;https://github.com/Artisan-Lab/SafetyProperty;https://github.com/rust-lang/miri",https://dl.acm.org/doi/10.1145/3597503.3639132,False,False,False
Generating REST API Specifications through Static Analysis,https://github.com/nntzuekai/Respector.,https://github.com/EMResearch/EMB/tree/master/jdk_11_maven/em/;https://github.com/apiaryio/dredd.;https://github.com/EMResearch/EMB/tree/;https://github.com/;https://github.com/Senzing/;https://github.com/treasure-data/digdag.;https://github.com/;https://github.com/enviroCar/;https://github.com/Mathew-Estafanous/;https://github.com/fabioformosa/quartz-;https://github.com/gravitee-;https://github.com/;https://github.com/confluentinc/kafka-;https://github.com/EMResearch/EMB/;https://github.com/;https://github.com/EMResearch/EMB/tree/;https://github.com/springdoc/springdoc-;https://github.com/swagger-api/swagger-core.;https://github.com/PGSSoft/;https://github.com/sub-helper/lambda_artifact,https://dl.acm.org/doi/10.1145/3597503.3639137,True,True,False
Precise Sparse Abstract Execution via Cross-Domain Interaction,,https://github.com/pjreddie/;https://github.com/emqx/nanomq;https://github.com/RIOT-OS/RIOT;https://github.com/tmux/tmux;https://github.com/,https://dl.acm.org/doi/10.1145/3597503.3639220,True,True,False
Trace-based Multi-Dimensional Root Cause Localization of Performance Issues in Microservice Systems,,"https://github.com/yisongy/ReClues_Repo,",https://dl.acm.org/doi/10.1145/3597503.3639088,False,False,False
ReClues: Representing and indexing failures in parallel debugging with program variables,,https://github.com/yisongy/ReClues_Repo/blob/main/detailedExample.pdf;https://github.com/arun-;https://github.com/xjtu-enre/ICSE2024_PyAnalyzer,https://dl.acm.org/doi/10.1145/3597503.3639098,True,True,False
PyAnalyzer: An Effective and Practical Approach for Dependency Extraction from Python Code,,https://github.com/giampaolo/psutil.;https://github.com/instagram/MonkeyType.;https://github.com/multilang-depends/depends.;https://github.com/python/typeshed;https://github.com/Symbolk/Code2Graph.;https://github.com/Technologicat/pyan;https://github.com/yinwang0/pysonar2/tree/,https://dl.acm.org/doi/10.1145/3597503.3640325,False,False,False
Detecting Automatic Software Plagiarism via Token Sequence Normalization,https://github.com/jplag/JPlag,https://github.com/,https://dl.acm.org/doi/10.1145/3597503.3639192,True,True,False
A First Look at the Inheritance-Induced Redundant Test Execution,https://github.com/djaekim/ICSE2024.git,https://github.com/jacoco/jacoco/pull/1007,https://dl.acm.org/doi/10.1145/3597503.3639166,False,False,False
Hypertesting of Programs: Theoretical Foundation and Automated Test Generation,https://github.com/,,https://dl.acm.org/doi/10.1145/3597503.3640323,True,True,False
Ripples of a Mutation â€” An Empirical Study of Propagation Effects in Mutation Testing,,,https://dl.acm.org/doi/10.1145/3597503.3639179,True,True,False
Fast Deterministic Black-box Context-free Grammar Inference,https://github.com/rifatarefin/treevada;https://github.com/neil-kulkarni/arvada,https://github.com/less-lab-uva/CIT4DNN;https://github.com/udacity/self-driving-car/tree/master/;https://github.com/coinse/SINVAD.,https://dl.acm.org/doi/10.1145/3597503.3639214,True,True,False
Knowledge Graph Driven Inference Testing for Question Answering Software,https://github.com/,https://github.com/dessertlab/DeepSample.git.,https://dl.acm.org/doi/10.1145/3597503.3639109,True,True,False
DeepSample: DNN sampling-based testing for operational accuracy assessment,https://github.com/udacity/self-driving-car.;https://github.com/dessertlab/DeepSample.git.,https://github.com/wangzh1998/MAFT;https://github.com/HHS-AHRQ/MEPS,https://dl.acm.org/doi/10.1145/3597503.3639584,False,False,False
Concrete Constraint Guided Symbolic Execution,https://github.com/XMUsuny/cgs.,,https://dl.acm.org/doi/10.1145/3597503.3639078,True,False,False
SpecBCFuzz: Fuzzing LTL Solvers with Boundary Conditions,https://github.com/SpecBCFuzz/repo.,,https://dl.acm.org/doi/10.1145/3597503.3639087,False,False,False
RPG: Rust Library Fuzzing with Pool-based Fuzz Target Generation and Generic Support,,,https://dl.acm.org/doi/10.1145/3597503.3639102,True,False,False
Deep Combination of CDCL(T) and Local Search for Satisfiability Modulo Non-Linear Integer Arithmetic Theory,https://github.com/hybridsmt/hybridsmt.;https://github.com/b0rxa/scmamp,,https://dl.acm.org/doi/10.1145/3597503.3639105,False,False,False
Fuzz4All: Universal Fuzzing with Large Language Models,https://github.com/fuzz4all/fuzz4all,https://github.com/Qiskit/qiskit.;https://github.com/dvyukov/;https://github.com/google/syzkaller.;https://github.com/SE2023Test/SCFuzzers.,https://dl.acm.org/doi/10.1145/3597503.3639121,True,True,False
Are We There Yet? Unraveling the State-of-the-Art Smart Contract Fuzzers,,https://github.com/crytic/echidna;https://github.com/DependableSystemsLab/SolidiFI-;https://github.com/foundry-rs/fou;https://github.com/0xNazgul/Blockchain-Security-Audit-List;https://github.com/bluealloy/revm;https://github.com/shuo-young/BlockWatchdog,https://dl.acm.org/doi/10.1145/3597503.3639152,False,False,False
Uncover the Premeditated Attacks: Detecting Exploitable Reentrancy Vulnerabilities by Identifying Attacker Contracts,,https://github.com/eth-sri/securify2.;https://github.com/Uniswap/v2-,https://dl.acm.org/doi/10.1145/3597503.3639153,False,False,False
Crossover in Parametric Fuzzing,,https://github.com/;https://github.com/;https://github.com/pholser/junit-;https://github.com/mozilla/;https://github.com/mozilla/;https://github.com/mozilla/;https://github.com/mozilla/;https://github.com/mozilla/;https://github.com/;https://github.com/jacoco/jacoco.;https://github.com/google/oss-fuzz.,https://dl.acm.org/doi/10.1145/3597503.3639160,True,True,False
FuzzInMem: Fuzzing Programs via In-memory Structures,,https://github.com/d0c-s4vage/gramfuzz.;https://github.com/google/fuzzer-test-suite.,https://dl.acm.org/doi/10.1145/3597503.3639172,False,False,False
Extrapolating Coverage Rate in Greybox Fuzzing,https://github.com/google/AFL/tree/master/testcases,,https://dl.acm.org/doi/10.1145/3597503.3639198,True,True,False
CERT: Finding Performance Issues in Database Systems Through the Lens of Cardinality Estimation,https://github.com/sqlancer/sqlancer/issues/822;https://github.com/pingcap/tidb/issues;https://github.com/cockroachdb/cockroach/issues;https://github.com/cockroachdb/cockroach/issues/89060;https://github.com/sqlancer/sqlancer/releases/tag/v2.0.0;https://zenodo.org/records/10476847.,https://github.com/anse1/sqlsmith.,https://dl.acm.org/doi/10.1145/3597503.3639076,True,False,False
Optimistic Prediction of Synchronization-Reversal Data Races,,https://github.com/ALFA-group/RaceInjector-;https://github.com/umangm/rapid.;https://zenodo.org/records/10437347.,https://dl.acm.org/doi/10.1145/3597503.3639099,True,True,False
Mozi: Discovering DBMS Bugs via Configuration-Based Equivalent Transformation,,https://github.com/sqlancer/sqlancer.;https://github.com/anse1/sqlsmith,https://dl.acm.org/doi/10.1145/3597503.3639112,False,False,False
FlakeSync: Automatically Repairing Async Flaky Tests,https://zenodo.org/records/10460139.,https://github.com/apache/shardingsphere-elasticjob/pull/2242.;https://github.com/idflakies/iDFlakies.;https://github.com/apache/incubator-uniffle/pull/1023.;https://github.com/Accenture/mercury/pull/136.;https://github.com/TestingResearchIllinois/NonDex.;https://github.com/franklinbill/InputBlaster,https://dl.acm.org/doi/10.1145/3597503.3639115,True,True,False
Testing the Limits: Unusual Text Inputs Generation for Mobile App Crash Detection with Large Language Model,,,https://dl.acm.org/doi/10.1145/3597503.3639118,False,False,False
Towards Finding Accounting Errors in Smart Contracts,,https://github.com/ConsenSys/mythril;https://github.com/ZhangZhuoSJTU/Web3Bugs/tree/;https://github.com/NioTheFirst/ScType/blob/;https://github.com/ZhangZhuoSJTU/Web3Bugs/;https://github.com/ZhangZhuoSJTU/Web3Bugs/tree/main/;https://github.com/ZhangZhuoSJTU/Web3Bugs/,https://dl.acm.org/doi/10.1145/3597503.3639128,True,True,False
MultiTest: Physical-Aware Object Insertion for Testing Multi-sensor Fusion Perception Systems,https://github.com/vinthony/S2CRNet-demos,https://github.com/commaai/openpilot.,https://dl.acm.org/doi/10.1145/3597503.3639191,False,False,False
JLeaks: A Featured Resource Leak Repository Collected From Hundreds of Open-Source Java Projects,https://github.com/Dcollectors/JLeaks,https://github.com/facebook/infer.;https://github.com/pmd/pmd.;https://github.com/dair-ai/Prompt-,https://dl.acm.org/doi/10.1145/3597503.3639162,False,False,False
S3C: Spatial Semantic Scene Coverage for Autonomous Vehicles,https://github.com/less-lab-uva/s3c,https://github.com/SullyChen/driving-;https://github.com/udacity/self-driving-car;https://github.com/facebookresearch/detectron2.,https://dl.acm.org/doi/10.1145/3597503.3639178,True,True,False
FlashSyn: Flash Loan Attack Synthesis via Counter Example Driven Approximation,https://github.com/FlashSyn-Artifact/FlashSyn-Artifact-ICSE24;https://zenodo.org/records/10458602;https://github.com/ConsenSys/mythril.;https://github.com/foundry-rs/foundry/.,,https://dl.acm.org/doi/10.1145/3597503.3639190,True,True,False
Testing Graph Database Systems via Equivalent Query Rewriting,https://github.com/RedisGraph/RedisGraph/issues/3093;https://github.com/memgraph/memgraph/issues/948;https://github.com/RedisGraph/RedisGraph/issues/3100;https://github.com/RedisGraph/RedisGraph/issues/3091,https://github.com/CUHK-Shenzhen-SE/GRev;https://github.com/tinkerpop/blueprints/wiki/,https://dl.acm.org/doi/10.1145/3597503.3639200,False,False,False
ROSInfer: Statically Inferring Behavioral Component Models for ROS-based Robotics Systems,https://github.com/cmu-rss-lab/rosdiscover-evaluation,https://zenodo.org/records/10473926;https://github.com/BaseXdb/basex/issues/2188,https://dl.acm.org/doi/10.1145/3597503.3639206,False,False,False
Finding XPath Bugs in XML Document Processors via Differential Testing,https://github.com/eXist-db/exist/issues/4830;https://github.com/BaseXdb/basex/issues/2190;https://github.com/BaseXdb/basex/issues/2220;https://github.com/eXist-db/exist/issues/4830;https://github.com/BaseXdb/basex/issues/2222,,https://dl.acm.org/doi/10.1145/3597503.3639208,True,True,False
Sedar: Obtaining High-Quality Seeds for DBMS Fuzzing via Cross-DBMS SQL Transfer,,https://github.com/duckdb/duckdb-fuzzer/;https://github.com/mysql/mysql-server.;https://github.com/postgres/postgres.;https://github.com/anse1/sqlsmith;https://github.com/THUDM/;https://github.com/sqlite/sqlite.,https://dl.acm.org/doi/10.1145/3597503.3639210,False,False,False
Automatically Detecting Reflow Accessibility Issues in Responsive Web Pages,,https://zenodo.org/records/10140605.,https://dl.acm.org/doi/10.1145/3597503.3639229,False,True,False
Towards More Practical Automation of Vulnerability Assessment,,https://github.com/gitblit-org/gitblit/issues/1410.;https://github.com/MaxHalford/prince,https://dl.acm.org/doi/10.1145/3597503.3639110,False,False,False
VGX: Large-Scale Sample Generation for Boosting Learning-Based Software Vulnerability Analyses,,https://github.com/the-tcpdump-group/tcpdump/;https://github.com/bukhalo/openbsd-src/commit/;https://github.com/rawstudio/rawstudio/commit/;https://github.com/tree-sitter/tree-sitter.,https://dl.acm.org/doi/10.1145/3597503.3639116,True,True,False
MalCertain: Enhancing Deep Neural Network Based Android Malware Detection by Tackling Prediction Uncertainty,,,https://dl.acm.org/doi/10.1145/3597503.3639122,False,False,False
Pre-training by Predicting Program Dependencies for Vulnerability Analysis Tasks,,https://github.com/ZJU-CTAG/PDBERT.,https://dl.acm.org/doi/10.1145/3597503.3639142,False,False,False
Investigating White-Box Attacks for On-Device Models,https://github.com/zhoumingyi/REOM,https://github.com/facebookarchive/models.,https://dl.acm.org/doi/10.1145/3597503.3639144,False,False,False
Towards Causal Deep Learning for Vulnerability Detection,https://figshare.com/s/0ffda320dcb96c249ef2.;https://github.com/pytorch/pytorch;https://github.com/huggingface/transformers;https://github.com/microsoft/CodeBERT,,https://dl.acm.org/doi/10.1145/3597503.3639170,False,False,False
MetaLog: Generalizable Cross-System Anomaly Detection from Logs with Meta-Learning,https://github.com/jia-tong-FINE/MetaLog.,https://github.com/CocaVul/Coca,https://dl.acm.org/doi/10.1145/3597503.3639205,False,False,False
Coca: Improving and Explaining Graph Neural Network-Based Vulnerability Detection Systems,https://github.com/openssl/openssl/blob/9b10986d7742a5105ac8c5f4eba8b103caf57ae9/,https://github.com/,https://dl.acm.org/doi/10.1145/3597503.3639168,False,False,False
Improving Smart Contract Security with Contrastive Learning-based Vulnerability Detection,,https://github.com/CGCL-,https://dl.acm.org/doi/10.1145/3597503.3639173,False,False,False
On the Effectiveness of Function-Level Vulnerability Detectors for Inter-Procedural Vulnerabilities,,,https://dl.acm.org/doi/10.1145/3597503.3639218,False,False,False
A User-centered Security Evaluation of Copilot,https://github.com/,https://github.com/github/codeql;https://github.com/,https://dl.acm.org/doi/10.1145/3597503.3639154,False,False,False
An Empirical Study on Oculus Virtual Reality Applications: Security and Privacy Perspectives,,https://github.com/dnSpy/dnSpy,https://dl.acm.org/doi/10.1145/3597503.3639082,False,False,False
Fairness Improvement with Multiple Protected Attributes: How Far Are We?,,https://github.com/propublica/compas-analysis.,https://dl.acm.org/doi/10.1145/3597503.3639083,True,False,False
An Empirical Study of Data Disruption by Ransomware Attacks,https://github.com/THU-WingTecher/MarauderMap.;https://github.com/m1-,"https://github.com/microsoft/Detours,",https://dl.acm.org/doi/10.1145/3597503.3639090,False,False,False
Identifying Affected Libraries and Their Ecosystems for Open Source Software Vulnerabilities,,https://github.com/pypa/packaging;https://github.com/spring-projects/spring-framework/commit/;https://github.com/spring-projects/spring-framework/commit/;https://github.com/github/advisory-database/commit/21baa3d,https://dl.acm.org/doi/10.1145/3597503.3639582,False,False,False
Understanding Transaction Bugs in Database Systems,https://github.com/tcse-iscas/TXBug.,https://github.com/cockroachdb/cockroach/issues/.;https://github.com/anse1/sqlsmith.;https://github.com/pingcap/tidb/issues/.;https://zenodo.org/;https://zenodo.org/records/,https://dl.acm.org/doi/10.1145/3597503.3639207,True,False,False
Curiosity-Driven Testing for Sequential Decision-Making Process,https://figshare.com/s/6d7a984f6ef797904d4b.,https://github.com/DLR-RM/rlbaselines3-,https://dl.acm.org/doi/10.1145/3597503.3639149,False,False,False
GPTScan: Detecting Logic Vulnerabilities in Smart Contracts by Combining GPT with Program Analysis,,https://github.com/code-423n4/2021-11-yaxis;https://github.com/crytic/crytic-compile;https://github.com/ZhangZhuoSJTU/Web3Bugs;https://github.com/Consensys/mythril;https://github.com/code-423n4/2022-04-jpegd-findings/issues/12;https://github.com/code-423n4/2022-04-backd;https://github.com/code-423n4/2022-04-backd-findings/issues/36;https://github.com/code-423n4/2022-05-backd/blob/;https://github.com/openai/tiktoken;https://github.com/;https://github.com/GreyDGL/PentestGPT,https://dl.acm.org/doi/10.1145/3597503.3639117,False,False,False
PS3: Precise Patch Presence Test based on Semantic Symbolic Signature,,https://github.com/oalieno/asm2vec-pytorch;https://github.com/Qi-Zhan/ps3;https://github.com/Z-Zhijie/PrettySmart,https://dl.acm.org/doi/10.1145/3597503.3639134,False,False,False
PrettySmart: Detecting Permission Re-delegation Vulnerability for Token Behaviors in Smart Contracts,,https://github.com/eveem-;https://github.com/HuantWang/CONCOCTION.,https://dl.acm.org/doi/10.1145/3597503.3639140,False,False,False
Combining Structured Static Code Information and Dynamic Symbolic Traces for Software Vulnerability Prediction,https://github.com/HuantWang/CONCOCTION/blob/main/,https://github.com/google/oss-fuzz.;https://github.com/ConsenSys/mythril,https://dl.acm.org/doi/10.1145/3597503.3639212,True,True,False
Safeguarding DeFi Smart Contracts against Oracle Deviations,,https://github.com/dydxprotocol/solo/releases/tag/v0.41.0.;https://github.com/yearn/yearn-security/blob/;https://github.com/aave/protocol-v2/tree/master.;https://github.com/calvwang9/oracle-;https://github.com/compound-finance/;https://github.com/dforce-network/;https://github.com/euler-xyz/euler-contracts.;https://github.com/ethereum/solidity;https://github.com/crytic/;https://github.com/Optimus-He/MalwareTotal,https://dl.acm.org/doi/10.1145/3597503.3639225,True,True,False
MalwareTotal: Multi-Faceted and Sequence-Aware Bypass Tactics against Static Malware Detection,,https://github.com/erocarrera/pefile;https://github.com/pralab/toucanstrike,https://dl.acm.org/doi/10.1145/3597503.3639141,False,False,False
Semantic-Enhanced Static Vulnerability Detection in Baseband Firmware,,https://github.com/nltk/nltk.;https://zenodo.org/record/6516030/.;https://github.com/FirmWire/ghidra.;https://github.com/grant-h/;https://github.com/KeenSecurityLab/;https://github.com/NationalSecurityAgency/ghidra.,https://dl.acm.org/doi/10.1145/3597503.3639158,True,True,False
CSChecker: Revisiting GDPR and CCPA Compliance of Cookie Banners on the Web,https://github.com/anudeepND/blacklist,https://github.com/;https://github.com/InteractiveAdvertisingBureau/;https://github.com/google/cld3.;https://github.com/pde/tosback2..;https://github.com/InteractiveAdvertisingBureau/,https://dl.acm.org/doi/10.1145/3597503.3639159,True,False,False
Raisin: Identifying Rare Sensitive Functions for Bug Detection,https://github.com/jlgithub66/rarefunctions.;https://github.com/torvalds/linux/commit/.,https://github.com/ShiftLeftSecurity/fuzzyc2cpg.,https://dl.acm.org/doi/10.1145/3597503.3639165,False,False,False
REDriver: Runtime Enforcement for Autonomous Vehicles,,https://github.com/ApolloAuto/apollo/releases/tag/v6.;https://github.com/ApolloAuto/apollo/releases/tag/v7.,https://dl.acm.org/doi/10.1145/3597503.3639151,False,False,False
Scalable Relational Analysis via Relational Bound Propagation,,https://github.com/AlloyTools/models.,https://dl.acm.org/doi/10.1145/3597503.3639171,False,False,False
Translation Validation for JIT Compiler in the V8 JavaScript Engine,https://github.com/llvm/llvm-project/issues/63388,https://github.com/MozillaSecurity/funfuzz;https://github.com/googleprojectzero/fuzzilli,https://dl.acm.org/doi/10.1145/3597503.3639189,True,True,False
Verifying Declarative Smart Contracts,,"https://github.com/ethereum/;https://github.com/OpenZeppelin/openzeppelin-contracts,;https://github.com/;https://github.com/eth-sri/;https://github.com/Z3Prover/z3,;https://github.com/ethereum/act,;https://github.com/ConsenSys/Scribble,;https://github.com/kupl/VeriSmart-public/",https://dl.acm.org/doi/10.1145/3597503.3639203,True,False,False
ChatGPT Incorrectness Detection in Software Reviews,,https://github.com/minaoar/;https://github.com/vcu-swim-lab/SE-,https://dl.acm.org/doi/10.1145/3597503.3639194,False,False,False
Uncovering the Causes of Emotions in Software Developer Communication Using Zero-shot LLMs,https://github.com/tensorflow/tensorflow,,https://dl.acm.org/doi/10.1145/3597503.3639223,False,False,False
How Far Are We? The Triumphs and Trials of Generative AI in Learning Software Engineering,https://zenodo.org/record/8193821,,https://dl.acm.org/doi/10.1145/3597503.3639201,False,False,False
Property-Based Testing in Practice,,https://github.com/;https://github.com/google/;https://github.com/hammad-a/ICSE24_TMS.,https://dl.acm.org/doi/10.1145/3597503.3639581,False,False,False
Unraveling the Drivers of Sense of Belonging in Software Delivery Teams: Insights from a Large-Scale Survey,,https://figshare.com/s/b148aec7aeaa7c30c153.;https://github.com/sponsors/;https://github.com/[username;https://github.com/PJSoftCo;https://github.com/nayafia/lemonade-stand.;https://github.com/;https://github.com/,https://dl.acm.org/doi/10.1145/3597503.3639119,False,False,False
A Theory of Scientific Programming Efficacy,,https://github.com/CelloCorgi/CannabisObservationalStudy.;https://github.com/;https://github.com/rust-;https://figshare.com/s/896f686cda5935561d2c,https://dl.acm.org/doi/10.1145/3597503.3639139,True,False,False
Barriers for Students During Code Change Comprehension,https://zenodo.org/records/10145856.,https://github.com/AdvertisementAccessibility/Advertisement-;https://github.com/kif-framework/KIF;https://github.com/;https://github.com/Nada-Nasser/Money-Manager-App,https://dl.acm.org/doi/10.1145/3597503.3639227,False,False,False
DeepLSH: Deep Locality-Sensitive Hash Learning for Fast and Efficient Near-Duplicate Crash Report Detection,https://github.com/RemilYoucef/deep-locality-sensitive-hashing,,https://dl.acm.org/doi/10.1145/3597503.3639146,False,False,False
DivLog: Log Parsing with Prompt Enhanced In-Context Learning,https://github.com/logpai/logparser,https://github.com/logpai/loghub.;https://github.com/anonymous-77400046/vulnerability_file_trace.git;https://github.com/openai/gpt-2-output-dataset;https://github.com/advisories.;https://github.com/torvalds/linux.;https://github.com/nodejs/security-wg.,https://dl.acm.org/doi/10.1145/3597503.3639155,False,False,False
Demystifying and Detecting Misuses of Deep Learning APIs,,,https://dl.acm.org/doi/10.1145/3597503.3639177,False,False,False
Less is More? An Empirical Study on Configuration Issues in Python PyPI Ecosystem,https://github.com/JohnnyPeng18/PyConf.,https://github.com/pfnet/pfrl.;https://github.com/bndr/pipreqs.;https://github.com/pfnet/pfrl/issues/172;https://github.com/pfnet/pfrl/issues/172.;https://github.com/tox-dev/pipdeptree;https://github.com/tox-dev/pipdeptree.,https://dl.acm.org/doi/10.1145/3597503.3639077,False,False,False
Data-Driven Evidence-Based Syntactic Sugar Design,,,https://dl.acm.org/doi/10.1145/3597503.3639580,True,True,False
Revisiting Android App Categorization,https://github.com/JoMingyu/google-play-scraper;https://github.com/Trustworthy-Software/Revisiting-Android-,https://github.com/androguard/androguard.;https://github.com/openai/openai-cookbook/blob/main/examples/,https://dl.acm.org/doi/10.1145/3597503.3639094,True,True,False
Are Your Requests Your True Needs? Checking Excessive Data Collection in VPA App,,https://github.com/UQ-Trust-,https://dl.acm.org/doi/10.1145/3597503.3639107,False,False,False
MiniMon: Minimizing Android Applications with Intelligent Monitoring-Based Debloating,https://zenodo.org/doi/10.5281/zenodo.,https://github.com/eliorc/node2vec,https://dl.acm.org/doi/10.1145/3597503.3639113,False,False,False
Shedding Light on Software Engineering-specific Metaphors and Idioms,https://github.com/chipsalliance/chisel/pull/3352#issuecomment-1593479230;https://github.com/adamit24/countdownClass/issues/1;https://github.com/drupal-code-builder/drupal-code-builder/issues/165;https://github.com/godotengine/godot/issues/77480#issue-1726201628;https://github.com/conwid/VSCleanBin/issues/2#issuecomment-571094076;https://github.com/canjs/canjs/pull/3286,,https://dl.acm.org/doi/10.1145/3597503.3639585,False,False,False
Empirical Study of the Docker Smells Impact on the Image Size,,https://github.com/docker/docker-bench-security.;https://github.com/;https://github.com/;https://github.com/tdurieux/docker-;https://github.com/;https://github.com/hadolint/hadolint.;https://github.com/mvanholsteijn/strip-docker-image.;https://github.com/SageSELab/MotorEase.;https://zenodo.org/doi/10.5281/zenodo.10460700.,https://dl.acm.org/doi/10.1145/3597503.3639143,True,True,False
An Exploratory Investigation of Log Anomalies in Unmanned Aerial Vehicles,,https://github.com/PX4/;https://github.com/PX4/;https://github.com/PX4/;https://github.com/PX4/;https://github.com/PX4/;https://github.com/PX4/;https://github.com/PX4/;https://github.com/PX4/;https://github.com/PX4/;https://github.com/PX4/;https://github.com/PX4/;https://github.com/PX4/;https://github.com/PX4/;https://github.com/PX4/;https://github.com/PX4/;https://github.com/PX4/,https://dl.acm.org/doi/10.1145/3597503.3639186,False,False,False
ModuleGuard: Understanding and Detecting Module Conflicts in Python Ecosystem,,https://github.com/;https://github.com/;https://github.com/opendatateam/cookiecutter-udata-plugin/issues/3;https://github.com/pypa/pip/issues/;https://github.com/pypa/pip/issues/;https://github.com/;https://github.com/,https://dl.acm.org/doi/10.1145/3597503.3639221,False,False,False
Empirical Analysis of Vulnerabilities Life Cycle in Golang Ecosystem,,https://github.com/dependabot;https://github.com/dependabot/dependabot-core/blob/main/go_modules/;https://github.com/dependabot/dependabot-core/blob/main/go_modules/;https://github.com/advisories,https://dl.acm.org/doi/10.1145/3597503.3639230,False,False,False
ReFAIR: Toward a Context-Aware Recommender for Fairness Requirements Engineering,,https://github.com/acmsigsoft/EmpiricalStandards.;https://github.com/shankarpandala/lazypredict,https://dl.acm.org/doi/10.1145/3597503.3639185,False,False,False
Analyzing and Debugging Normative Requirements via Satisfiability Checking,,https://github.com/NickF0211/,https://dl.acm.org/doi/10.1145/3597503.3639093,False,False,False
Recovering Trace Links Between Software Documentation And Code,"https://github.com/huiAlex/TAROT,;https://github.com/tobhey/finegrained-traceability;https://github.com/jinfenglin/TraceBERT",,https://dl.acm.org/doi/10.1145/3597503.3639130,True,True,False
TRIAD: Automated Traceability Recovery based on Biterm-enhanced Deduction of Transitive Links among Artifacts,,https://github.com/huiAlex/TRIAD.,https://dl.acm.org/doi/10.1145/3597503.3639164,True,True,False
Prism: Decomposing Program Semantics for Code Clone Detection through Compilation,https://github.com/NKU-EmbeddedSystem/Prism.,https://github.com/features/copilot.;https://github.com/antonio-mastropaolo/code-;https://github.com/tensorflow/models/tree/archive/,https://dl.acm.org/doi/10.1145/3597503.3639129,False,False,False
Are Prompt Engineering and TODO Comments Friends or Foes? An Evaluation on GitHub Copilot,,https://github.com/features/copilot,https://dl.acm.org/doi/10.1145/3597503.3639176,True,True,False
DSFM: Enhancing Functional Code Clone Detection with Deep Subtree Interactions,https://github.com/c2nes/javalang;https://github.com/eliben/pycparser;https://github.com/xu-zhiwei/DSFM.,,https://dl.acm.org/doi/10.1145/3597503.3639215,False,False,False
Machine Learning is All You Need: A Simple Token-based Approach for Effective Code Clone Detection,,https://github.com/clonebench/BigCloneBench.;https://github.com/CGCL-codes/Toma/.,https://dl.acm.org/doi/10.1145/3597503.3639114,False,False,False
Cross-Inlining Binary Function Similarity Detection,,https://github.com/Cisco-Talos/;https://github.com/island255/cross-inlining_,https://dl.acm.org/doi/10.1145/3597503.3639080,False,False,False
BinaryAI: Binary Software Composition Analysis via Intelligent Binary Source Code Matching,,"https://github.com/;https://github.com/tree-sitter/tree-sitter.;https://github.com/;https://github.com/pan2013e/ppt4j;https://github.com/FusionAuth/fusionauth-jwt,;https://github.com/pan2013e/ppt4j",https://dl.acm.org/doi/10.1145/3597503.3639100,False,False,False
Compiler-directed Migrating API Callsite of Client Code,https://github.com/drhaozhong/libcatch.,https://github.com/gaoxiang9430/APIFix/issues/1.;https://github.com/gaoxiang9430/APIFix/blob/master/doc/;https://github.com/apache/lucene/network/;https://github.com/apache/gora/commit/;https://github.com/apache/maven-;https://github.com/brutusin/;https://github.com/pvoosten/explicit-semantic-,https://dl.acm.org/doi/10.1145/3597503.3639084,False,False,False
Hard to Read and Understand Pythonic Idioms? DeIdiom and Explain Them in Non-Idiomatic Equivalent Code,,https://github.com/chen-zirui/TestMigration,https://dl.acm.org/doi/10.1145/3597503.3639101,False,False,False
Exploiting Library Vulnerability via Migration Based Automating Test Generation,https://github.com/gousiosg/java-callgraph,https://github.com/,https://dl.acm.org/doi/10.1145/3597503.3639583,False,False,False
MUT: Human-in-the-Loop Unit Test Migration,https://github.com/testmigrator/mut,https://github.com/boostorg/algorithm.;https://github.com/boostorg/date_time.;https://github.com/apache/commons-lang.;https://github.com/jeremydumais/CPP-;https://github.com/Keshav0907/;https://github.com/fishercoder1534/Leetcode.;https://github.com/google/googletest.;https://github.com/JodaOrg/joda-time.;https://github.com/mindflower/JsonParser.;https://github.com/josexy/jsontest.;https://github.com/jhy/jsoup.;https://github.com/junit-team/junit4.;https://github.com/nicmcd/libstrop.;https://github.com/luliyucoordinate/;https://github.com/ralfstx/minimal-json.;https://github.com/mylogin/htmlparser.;https://github.com/rangerlee/htmlparser.,https://dl.acm.org/doi/10.1145/3597503.3639124,False,False,False
Streamlining Java Programming: Uncovering Well-Formed Idioms with IdioMine,,https://github.com/rwaldron/idiomatic.js/.;https://github.com/jeffkit/rabbitmq-benchmark/blob/Producer.java#L53.;https://github.com/structr/structr/blob/0.4.9/structr/structr-core/src/main/;https://github.com/Yanming-Yang/idioMine.;https://github.com/c2nes/javalang.;https://github.com/tesseract-ocr/tesseract/wiki.;https://github.com/codinguser/gnucash-android.;https://github.com/mozilla-mobile/focus-android.;https://github.com/barbeau/gpstest.;https://github.com/Swati4star/Images-to-PDF.;https://github.com/kubernetes/kubernetes/pull/99561;https://zenodo.org/records/10499104;https://github.com/github-linguist/linguist;https://github.com/kubernetes/kubernetes;https://github.com/reddit/baseplate.go;https://github.com/berty/berty/commit/14a03463751db6bc7514964d12444e3c42be87c4;https://github.com/berty/berty/pull/2127;https://github.com/kubernetes/test-infra/pull/23693;https://github.com/kubernetes/test-infra/issues/23796;https://github.com/microsoft/tensorflow-directml-plugin/pull/46/commits/;https://github.com/microsoft/tensorflow-directml-plugin/pull/46;https://github.com/facebookresearch/CompilerGym/issues/506#issuecomment-;https://github.com/facebookresearch/CompilerGym/pull/478;https://github.com/joneshf/terraform-provider-openwrt/pull/3;https://github.com/cortexproject/cortex/pull/652;https://github.com/cortexproject/cortex/pull/903;https://github.com/cortexproject/cortex/pull/652#issuecomment-397822795;https://github.com/skypjack/entt/issues/287;https://github.com/skypjack/entt/commit/90798c161b08a0ec24da268267d58b3d327bf776;https://github.com/skypjack/entt/commit/99f81e82d57fbe21e18e1f2ff26e37363b8992d2;https://github.com/skypjack/entt/pull/430;https://github.com/kubernetes/kubernetes/issues/88553;https://github.com/skypjack/entt/issues/287;https://github.com/kubernetes/kubernetes/commit/;https://github.com/pipe-cd/pipecd/commit/6e8eb9b294f7a27422039beec0cc1b50886996df;https://github.com/pipe-cd/pipecd/issues/1634;https://github.com/quantumlib/Cirq/issues/4280;https://github.com/istio/test-infra/pull/4116;https://github.com/istio/test-infra/issues/1580;https://github.com/kubernetes/kubernetes;https://github.com/kubernetes/test-infra/pull/26039;https://github.com/istio/test-infra/pull/4116;https://github.com/cert-manager/cert-manager/issues/4030;https://github.com/googleforgames/open-saves/pull/41#issuecomment-;https://github.com/firedancer-io/firedancer/blob/main/doc/getting-started.md;https://github.com/magefile/mage;https://github.com/brendanhay/amazonka/pull/899;https://github.com/github-linguist/linguist/releases/tag/v2.10.10;https://github.com/grab/Grazel;https://github.com/kubernetes/kubernetes/pull/99561/files,https://dl.acm.org/doi/10.1145/3597503.3639135,False,False,False
Scaling Code Pattern Inference with Interactive What-If Analysis,,https://github.com/UCLA-SEAL/SURF.,https://dl.acm.org/doi/10.1145/3597503.3639193,True,True,False
Context-Aware Name Recommendation for Field Renaming,,https://github.com/Alluxio/alluxio/commit/;https://github.com/iluwatar/java-design-;https://github.com/openjdk/jdk/;https://github.com/DongChunHao/CARER;https://github.com/kingoflolz/mesh-;https://github.com/sodium49/CNEPS-public;https://github.com/universal-ctags/ctags,https://dl.acm.org/doi/10.1145/3597503.3639195,False,False,False
